name	brand	categories	sentimental_analysis	Categorie_DEF	rating	prices.amountMin	
Hoka One One Men's Cliffton Men's Black/grey/neon Ankle-high Synthetic Running Shoe - 7.5m	Hoka One One	Men's Casual Shoes,Shoes,Men's Shoes,Clothing	Positive	Men's Casual Shoes		114.27	
Hoka One One Men's Cliffton Men's Black/grey/neon Ankle-high Synthetic Running Shoe - 7.5m	Hoka One One	Men's Casual Shoes,Shoes,Men's Shoes,Clothing	Positive	Men's Casual Shoes		130.0	
Dolce & Gabbana Dg 6088 Sunglasses	Dolce & Gabbana	Accessories,Sunglasses,Men,Contemporary & Designer,Clothing, Shoes & Jewelry,Sunglasses & Eyewear Accessories,Clothing	Positive	Contemporary & Designer	4.6	103.17	
Dolce & Gabbana Dg 6088 Sunglasses	Dolce & Gabbana	Accessories,Sunglasses,Men,Contemporary & Designer,Clothing, Shoes & Jewelry,Sunglasses & Eyewear Accessories,Clothing	Positive	Contemporary & Designer	4.6	108.44	
Dolce & Gabbana Dg 6088 Sunglasses	Dolce & Gabbana	Accessories,Sunglasses,Men,Contemporary & Designer,Clothing, Shoes & Jewelry,Sunglasses & Eyewear Accessories,Clothing	Positive	Contemporary & Designer	4.6	108.14	
Dolce & Gabbana Dg 6088 Sunglasses	Dolce & Gabbana	Accessories,Sunglasses,Men,Contemporary & Designer,Clothing, Shoes & Jewelry,Sunglasses & Eyewear Accessories,Clothing	Positive	Contemporary & Designer	4.6	155.4	
Dolce & Gabbana Dg 6088 Sunglasses	Dolce & Gabbana	Accessories,Sunglasses,Men,Contemporary & Designer,Clothing, Shoes & Jewelry,Sunglasses & Eyewear Accessories,Clothing	Positive	Contemporary & Designer	4.6	106.41	
Dolce & Gabbana Dg 6088 Sunglasses	Dolce & Gabbana	Accessories,Sunglasses,Men,Contemporary & Designer,Clothing, Shoes & Jewelry,Sunglasses & Eyewear Accessories,Clothing	Positive	Contemporary & Designer	4.6	111.85	
Carrera 90/s Sunglasses	Carrera	Sunglasses,Accessories,Men,Contemporary & Designer,Clothing, Shoes & Jewelry,Sunglasses & Eyewear Accessories,Clothing	Positive	Contemporary & Designer	4.090909090909091	149.0	
Carrera 90/s Sunglasses	Carrera	Sunglasses,Accessories,Men,Contemporary & Designer,Clothing, Shoes & Jewelry,Sunglasses & Eyewear Accessories,Clothing	Positive	Contemporary & Designer	4.090909090909091	137.68	
Carrera 90/s Sunglasses	Carrera	Sunglasses,Accessories,Men,Contemporary & Designer,Clothing, Shoes & Jewelry,Sunglasses & Eyewear Accessories,Clothing	Positive	Contemporary & Designer	4.090909090909091	137.67	
Carrera 90/s Sunglasses	Carrera	Sunglasses,Accessories,Men,Contemporary & Designer,Clothing, Shoes & Jewelry,Sunglasses & Eyewear Accessories,Clothing	Positive	Contemporary & Designer	4.090909090909091	149.0	
Purple Stingray Escape Bodybuilding & Wrestling Shoe	Otomix	Shoes,Clothing, Shoes & Jewelry,Men,Athletic,Wrestling	Positive	Athletic		109.0	
Pearl Izumi Men's X-project 2.0 Cycling Shoe	Pearl iZUMi	Athletic,Cycling,Men,Shoes,Clothing, Shoes & Jewelry	Positive	Athletic	4.714285714285714	154.23	
Pearl Izumi Men's X-project 2.0 Cycling Shoe	Pearl iZUMi	Athletic,Cycling,Men,Shoes,Clothing, Shoes & Jewelry	Positive	Athletic	4.714285714285714	162.88	
Pearl Izumi Men's X-project 2.0 Cycling Shoe	Pearl iZUMi	Athletic,Cycling,Men,Shoes,Clothing, Shoes & Jewelry	Positive	Athletic	4.714285714285714	191.9	
Pearl Izumi Men's X-project 2.0 Cycling Shoe	Pearl iZUMi	Athletic,Cycling,Men,Shoes,Clothing, Shoes & Jewelry	Positive	Athletic	4.714285714285714	192.0	
Pearl Izumi Men's X-project 2.0 Cycling Shoe	Pearl iZUMi	Athletic,Cycling,Men,Shoes,Clothing, Shoes & Jewelry	Positive	Athletic	4.714285714285714	179.96	
Pearl Izumi Men's X-project 2.0 Cycling Shoe	Pearl iZUMi	Athletic,Cycling,Men,Shoes,Clothing, Shoes & Jewelry	Positive	Athletic	4.714285714285714	163.58	
Pearl Izumi Men's X-project 2.0 Cycling Shoe	Pearl iZUMi	Athletic,Cycling,Men,Shoes,Clothing, Shoes & Jewelry	Positive	Athletic	4.714285714285714	136.32	
Pearl Izumi Men's X-project 2.0 Cycling Shoe	Pearl iZUMi	Athletic,Cycling,Men,Shoes,Clothing, Shoes & Jewelry	Positive	Athletic	4.714285714285714	179.99	
Pearl Izumi Men's X-project 2.0 Cycling Shoe	Pearl iZUMi	Athletic,Cycling,Men,Shoes,Clothing, Shoes & Jewelry	Positive	Athletic	4.714285714285714	144.26	
Pearl Izumi Men's X-project 2.0 Cycling Shoe	Pearl iZUMi	Athletic,Cycling,Men,Shoes,Clothing, Shoes & Jewelry	Positive	Athletic	4.714285714285714	162.01	
Pearl Izumi Men's X-project 2.0 Cycling Shoe	Pearl iZUMi	Athletic,Cycling,Men,Shoes,Clothing, Shoes & Jewelry	Positive	Athletic	4.714285714285714	141.24	
Nike Air Python Premium	Nike	Athletic,Team Sports,Men,Basketball,Shoes,Clothing, Shoes & Jewelry	Positive	Basketball, Athletic, Team Sports	3.5	130.0	
Fuerza Mens Winter Down Wellon Collection Durable Hooded Parka Jacket Coat - Black - Xl	Fuerza	All Men's Clothing,Men's Clothing,Men's Outerwear,Clothing, Shoes & Jewelry,Clothing	Positive	Men's Outerwear	2.0	199.0	
Nike Air Max 2016 806771-400 Mens Shoes Size: 9 Us	Nike	Athletic,Men,Running,Shoes,Clothing, Shoes & Jewelry	Positive	Athletic	4.25	155.05	
Nike Air Max 2016 806771-400 Mens Shoes Size: 9 Us	Nike	Athletic,Men,Running,Shoes,Clothing, Shoes & Jewelry	Positive	Athletic	4.25	155.05	
Men's Kobe X Basketball Shoe	Nike	Athletic,Team Sports,Men,Basketball,Shoes,Clothing, Shoes & Jewelry	Positive	Basketball, Athletic, Team Sports		144.95	
Men's Kobe X Basketball Shoe	Nike	Athletic,Team Sports,Men,Basketball,Shoes,Clothing, Shoes & Jewelry	Positive	Basketball, Athletic, Team Sports		169.99	
Men's Kobe X Basketball Shoe	Nike	Athletic,Team Sports,Men,Basketball,Shoes,Clothing, Shoes & Jewelry	Positive	Basketball, Athletic, Team Sports		139.99	
Men's Kobe X Basketball Shoe	Nike	Athletic,Team Sports,Men,Basketball,Shoes,Clothing, Shoes & Jewelry	Positive	Basketball, Athletic, Team Sports		137.23	
Men's Kobe X Basketball Shoe	Nike	Athletic,Team Sports,Men,Basketball,Shoes,Clothing, Shoes & Jewelry	Positive	Basketball, Athletic, Team Sports		173.51	
Men's Kobe X Basketball Shoe	Nike	Athletic,Team Sports,Men,Basketball,Shoes,Clothing, Shoes & Jewelry	Positive	Basketball, Athletic, Team Sports		129.99	
Men's Kobe X Basketball Shoe	Nike	Athletic,Team Sports,Men,Basketball,Shoes,Clothing, Shoes & Jewelry	Positive	Basketball, Athletic, Team Sports		139.99	
Men's Kobe X Basketball Shoe	Nike	Athletic,Team Sports,Men,Basketball,Shoes,Clothing, Shoes & Jewelry	Positive	Basketball, Athletic, Team Sports		137.99	
Men's Kobe X Basketball Shoe	Nike	Athletic,Team Sports,Men,Basketball,Shoes,Clothing, Shoes & Jewelry	Positive	Basketball, Athletic, Team Sports		164.99	
Men's Kobe X Basketball Shoe	Nike	Athletic,Team Sports,Men,Basketball,Shoes,Clothing, Shoes & Jewelry	Positive	Basketball, Athletic, Team Sports		164.5	
Men's Kobe X Basketball Shoe	Nike	Athletic,Team Sports,Men,Basketball,Shoes,Clothing, Shoes & Jewelry	Positive	Basketball, Athletic, Team Sports		179.95	
Men's Kobe X Basketball Shoe	Nike	Athletic,Team Sports,Men,Basketball,Shoes,Clothing, Shoes & Jewelry	Positive	Basketball, Athletic, Team Sports		129.99	
Men's Kobe X Basketball Shoe	Nike	Athletic,Team Sports,Men,Basketball,Shoes,Clothing, Shoes & Jewelry	Positive	Basketball, Athletic, Team Sports		122.99	
Men's Kobe X Basketball Shoe	Nike	Athletic,Team Sports,Men,Basketball,Shoes,Clothing, Shoes & Jewelry	Positive	Basketball, Athletic, Team Sports		124.99	
Men's Kobe X Basketball Shoe	Nike	Athletic,Team Sports,Men,Basketball,Shoes,Clothing, Shoes & Jewelry	Positive	Basketball, Athletic, Team Sports		124.99	
Men's Kobe X Basketball Shoe	Nike	Athletic,Team Sports,Men,Basketball,Shoes,Clothing, Shoes & Jewelry	Positive	Basketball, Athletic, Team Sports		124.99	
Nike Lebron Xiii Men  Round Toe Leather  Basketball Shoe	Nike	All Men's Shoes,Shoes,Men's Shoes,Clothing,Clothing, Shoes & Jewelry,Men,Athletic,Team Sports,Basketball	Positive	Basketball, Athletic, Team Sports		159.99	
Mountain Hardwear Men's Monkey Man Grid Ii Jacket	Mountain Hardwear	Active,Men,Fan Shop,Clothing, Shoes & Jewelry,Active Sweatshirts,Jackets,Sports,Sports & Outdoors,Clothing	Positive	Sports & Outdoors, Outdoor		120.0	
Boss By Hugo Boss Men's B0704ps Polarized Rectangular Sunglasses	BOSS HUGO BOSS	Accessories,Sunglasses,Men,Contemporary & Designer,Clothing, Shoes & Jewelry,Sunglasses & Eyewear Accessories,Clothing	Positive	Contemporary & Designer		101.63	
Boss By Hugo Boss Men's B0704ps Polarized Rectangular Sunglasses	BOSS HUGO BOSS	Accessories,Sunglasses,Men,Contemporary & Designer,Clothing, Shoes & Jewelry,Sunglasses & Eyewear Accessories,Clothing	Positive	Contemporary & Designer		103.81	
Boss By Hugo Boss Men's B0704ps Polarized Rectangular Sunglasses	BOSS HUGO BOSS	Accessories,Sunglasses,Men,Contemporary & Designer,Clothing, Shoes & Jewelry,Sunglasses & Eyewear Accessories,Clothing	Positive	Contemporary & Designer		99.36	
Boss By Hugo Boss Men's B0704ps Polarized Rectangular Sunglasses	BOSS HUGO BOSS	Accessories,Sunglasses,Men,Contemporary & Designer,Clothing, Shoes & Jewelry,Sunglasses & Eyewear Accessories,Clothing	Positive	Contemporary & Designer		100.4	
Boss By Hugo Boss Men's B0704ps Polarized Rectangular Sunglasses	BOSS HUGO BOSS	Accessories,Sunglasses,Men,Contemporary & Designer,Clothing, Shoes & Jewelry,Sunglasses & Eyewear Accessories,Clothing	Positive	Contemporary & Designer		102.26	
Boss By Hugo Boss Men's B0704ps Polarized Rectangular Sunglasses	BOSS HUGO BOSS	Accessories,Sunglasses,Men,Contemporary & Designer,Clothing, Shoes & Jewelry,Sunglasses & Eyewear Accessories,Clothing	Positive	Contemporary & Designer		99.88	
Boss By Hugo Boss Men's B0704ps Polarized Rectangular Sunglasses	BOSS HUGO BOSS	Accessories,Sunglasses,Men,Contemporary & Designer,Clothing, Shoes & Jewelry,Sunglasses & Eyewear Accessories,Clothing	Positive	Contemporary & Designer		101.09	
Boss By Hugo Boss Men's B0704ps Polarized Rectangular Sunglasses	BOSS HUGO BOSS	Accessories,Sunglasses,Men,Contemporary & Designer,Clothing, Shoes & Jewelry,Sunglasses & Eyewear Accessories,Clothing	Positive	Contemporary & Designer		101.88	
Boss By Hugo Boss Men's B0704ps Polarized Rectangular Sunglasses	BOSS HUGO BOSS	Accessories,Sunglasses,Men,Contemporary & Designer,Clothing, Shoes & Jewelry,Sunglasses & Eyewear Accessories,Clothing	Positive	Contemporary & Designer		101.46	
Boss By Hugo Boss Men's B0704ps Polarized Rectangular Sunglasses	BOSS HUGO BOSS	Accessories,Sunglasses,Men,Contemporary & Designer,Clothing, Shoes & Jewelry,Sunglasses & Eyewear Accessories,Clothing	Positive	Contemporary & Designer		100.01	
Boss By Hugo Boss Men's B0704ps Polarized Rectangular Sunglasses	BOSS HUGO BOSS	Accessories,Sunglasses,Men,Contemporary & Designer,Clothing, Shoes & Jewelry,Sunglasses & Eyewear Accessories,Clothing	Positive	Contemporary & Designer		168.0	
Boss By Hugo Boss Men's B0704ps Polarized Rectangular Sunglasses	BOSS HUGO BOSS	Accessories,Sunglasses,Men,Contemporary & Designer,Clothing, Shoes & Jewelry,Sunglasses & Eyewear Accessories,Clothing	Positive	Contemporary & Designer		101.03	
Boss By Hugo Boss Men's B0704ps Polarized Rectangular Sunglasses	BOSS HUGO BOSS	Accessories,Sunglasses,Men,Contemporary & Designer,Clothing, Shoes & Jewelry,Sunglasses & Eyewear Accessories,Clothing	Positive	Contemporary & Designer		99.98	
Boss By Hugo Boss Men's B0704ps Polarized Rectangular Sunglasses	BOSS HUGO BOSS	Accessories,Sunglasses,Men,Contemporary & Designer,Clothing, Shoes & Jewelry,Sunglasses & Eyewear Accessories,Clothing	Positive	Contemporary & Designer		101.79	
Boss By Hugo Boss Men's B0704ps Polarized Rectangular Sunglasses	BOSS HUGO BOSS	Accessories,Sunglasses,Men,Contemporary & Designer,Clothing, Shoes & Jewelry,Sunglasses & Eyewear Accessories,Clothing	Positive	Contemporary & Designer		100.46	
Boss By Hugo Boss Men's B0704ps Polarized Rectangular Sunglasses	BOSS HUGO BOSS	Accessories,Sunglasses,Men,Contemporary & Designer,Clothing, Shoes & Jewelry,Sunglasses & Eyewear Accessories,Clothing	Positive	Contemporary & Designer		99.32	
Boss By Hugo Boss Men's B0704ps Polarized Rectangular Sunglasses	BOSS HUGO BOSS	Accessories,Sunglasses,Men,Contemporary & Designer,Clothing, Shoes & Jewelry,Sunglasses & Eyewear Accessories,Clothing	Positive	Contemporary & Designer		101.4	
Boss By Hugo Boss Men's B0704ps Polarized Rectangular Sunglasses	BOSS HUGO BOSS	Accessories,Sunglasses,Men,Contemporary & Designer,Clothing, Shoes & Jewelry,Sunglasses & Eyewear Accessories,Clothing	Positive	Contemporary & Designer		104.23	
Boss By Hugo Boss Men's B0704ps Polarized Rectangular Sunglasses	BOSS HUGO BOSS	Accessories,Sunglasses,Men,Contemporary & Designer,Clothing, Shoes & Jewelry,Sunglasses & Eyewear Accessories,Clothing	Positive	Contemporary & Designer		101.81	
Boss By Hugo Boss Men's B0704ps Polarized Rectangular Sunglasses	BOSS HUGO BOSS	Accessories,Sunglasses,Men,Contemporary & Designer,Clothing, Shoes & Jewelry,Sunglasses & Eyewear Accessories,Clothing	Positive	Contemporary & Designer		103.84	
Boss By Hugo Boss Men's B0704ps Polarized Rectangular Sunglasses	BOSS HUGO BOSS	Accessories,Sunglasses,Men,Contemporary & Designer,Clothing, Shoes & Jewelry,Sunglasses & Eyewear Accessories,Clothing	Positive	Contemporary & Designer		100.41	
Boss By Hugo Boss Men's B0704ps Polarized Rectangular Sunglasses	BOSS HUGO BOSS	Accessories,Sunglasses,Men,Contemporary & Designer,Clothing, Shoes & Jewelry,Sunglasses & Eyewear Accessories,Clothing	Positive	Contemporary & Designer		101.41	
Nike Jordan Men's Air Jordan 1 High The Return Basketball Shoe	Jordan	Athletic,Team Sports,Men,Basketball,Shoes,Clothing, Shoes & Jewelry	Positive	Basketball, Athletic, Team Sports		127.32	
Shimano 2016 Men's Elite Triathlon Cycling Shoes - Sh-tr9	Shimano	Athletic,Cycling,Men,Shoes,Clothing, Shoes & Jewelry,Sports	Positive	Athletic		199.9	
Shimano Men's Sh-mw7 Mountain Bike Shoe	Shimano	Athletic,Cycling,Men,Shoes,Clothing, Shoes & Jewelry,Sports	Positive	Athletic	4.333333333333333	189.95	
Shimano Men's Sh-mw7 Mountain Bike Shoe	Shimano	Athletic,Cycling,Men,Shoes,Clothing, Shoes & Jewelry,Sports	Positive	Athletic	4.333333333333333	189.95	
Rare Authentic Prada Sport Active Shield Black Sunglasses Sps 54p 1bo1a1 Ps 54ps	Prada Sport	Women's Sunglasses,Clothing, Shoes, Accessories,Men's Sunglasses,54Ps,Prada Sport	Positive	Prada Sport	5.0	173.68	
Rare Authentic Prada Sport Active Shield Black Sunglasses Sps 54p 1bo1a1 Ps 54ps	Prada Sport	Women's Sunglasses,Clothing, Shoes, Accessories,Men's Sunglasses,54Ps,Prada Sport	Positive	Prada Sport	5.0	175.25	
Rare Authentic Prada Sport Active Shield Black Sunglasses Sps 54p 1bo1a1 Ps 54ps	Prada Sport	Women's Sunglasses,Clothing, Shoes, Accessories,Men's Sunglasses,54Ps,Prada Sport	Positive	Prada Sport	5.0	170.53	
Em Trail N 2	Pearl iZUMi	Athletic,Men,Running,Shoes,Clothing, Shoes & Jewelry	Positive	Athletic		120.0	
Nike Men's Zoom Hyperrev 2015 Basketball Shoe	Nike	Clothing,Shoes,Men's Shoes,All Men's Shoes,Clothing, Shoes & Jewelry,Men,Athletic,Team Sports,Basketball	Positive	Basketball, Athletic, Team Sports		130.0	
Nike Men's Zoom Hyperrev 2015 Basketball Shoe	Nike	Clothing,Shoes,Men's Shoes,All Men's Shoes,Clothing, Shoes & Jewelry,Men,Athletic,Team Sports,Basketball	Positive	Basketball, Athletic, Team Sports		101.2	
Smith Optics Pivlock Arena Max Sunglass With Super Platinum	Smith Optics	Outdoor Recreation,Accessories,Sunglasses,Men,Women,Clothing, Shoes & Jewelry,Sports,Sunglasses & Eyewear Accessories,Outdoor Clothing,Sports & Outdoors	Positive	Sports & Outdoors, Outdoor		159.0	
Smith Optics Pivlock Arena Max Sunglass With Super Platinum	Smith Optics	Outdoor Recreation,Accessories,Sunglasses,Men,Women,Clothing, Shoes & Jewelry,Sports,Sunglasses & Eyewear Accessories,Outdoor Clothing,Sports & Outdoors	Positive	Sports & Outdoors, Outdoor		159.0	
"Kd7 Ext Qs pony Hair"" Men's Basketball Shoes"""	Nike	Shoes,Clothing, Shoes & Jewelry,Men,Athletic,Team Sports,Basketball	Positive	Basketball, Athletic, Team Sports		109.0	
Kobe X Elite Men's Basketball Shoe	Nike	Shoes,Clothing, Shoes & Jewelry,Men,Athletic,Team Sports,Basketball	Positive	Basketball, Athletic, Team Sports		174.0	
Kobe X Elite Men's Basketball Shoe	Nike	Shoes,Clothing, Shoes & Jewelry,Men,Athletic,Team Sports,Basketball	Positive	Basketball, Athletic, Team Sports		185.0	
Kobe X Elite Men's Basketball Shoe	Nike	Shoes,Clothing, Shoes & Jewelry,Men,Athletic,Team Sports,Basketball	Positive	Basketball, Athletic, Team Sports		159.97	
New Balance Mt10 Men  Round Toe Canvas Black Trail Running	New Balance	Clothing,Shoes,Men's Shoes,All Men's Shoes,Sneakers & Athletic Shoes	Positive	Sneakers & Athletic Shoes, Athletic	5.0	160.0	
New Balance Mt10 Men  Round Toe Canvas Black Trail Running	New Balance	Clothing,Shoes,Men's Shoes,All Men's Shoes,Sneakers & Athletic Shoes	Positive	Sneakers & Athletic Shoes, Athletic	5.0	114.95	
New Balance Mt10 Men  Round Toe Canvas Black Trail Running	New Balance	Clothing,Shoes,Men's Shoes,All Men's Shoes,Sneakers & Athletic Shoes	Positive	Sneakers & Athletic Shoes, Athletic	5.0	112.99	
Ray-ban Mens 0rb8314 127/8163 Polarized Tech Carbon Fiber Rectangle Sunglasses	Ray-Ban	Accessories,Sunglasses,Men,Contemporary & Designer,Clothing, Shoes & Jewelry,Sunglasses & Eyewear Accessories,Clothing	Positive	Contemporary & Designer	3.0	128.81	
Ray-ban Mens 0rb8314 127/8163 Polarized Tech Carbon Fiber Rectangle Sunglasses	Ray-Ban	Accessories,Sunglasses,Men,Contemporary & Designer,Clothing, Shoes & Jewelry,Sunglasses & Eyewear Accessories,Clothing	Positive	Contemporary & Designer	3.0	175.7	
Ray-ban Mens 0rb8314 127/8163 Polarized Tech Carbon Fiber Rectangle Sunglasses	Ray-Ban	Accessories,Sunglasses,Men,Contemporary & Designer,Clothing, Shoes & Jewelry,Sunglasses & Eyewear Accessories,Clothing	Positive	Contemporary & Designer	3.0	161.75	
Nike Lebron Xii Men's Basketball Sneaker	Nike	Athletic,Team Sports,Men,Basketball,Shoes,Clothing, Shoes & Jewelry	Positive	Basketball, Athletic, Team Sports		189.86	
Ray Ban Rx7017f Eyeglasses	Ray-Ban	Accessories,Men,Prescription Eyewear Frames,Contemporary & Designer,Shoes,Clothing, Shoes & Jewelry,Sunglasses & Eyewear Accessories	Positive	Contemporary & Designer	4.3	111.0	
Ray Ban Rx7017f Eyeglasses	Ray-Ban	Accessories,Men,Prescription Eyewear Frames,Contemporary & Designer,Shoes,Clothing, Shoes & Jewelry,Sunglasses & Eyewear Accessories	Positive	Contemporary & Designer	4.3	111.0	
The North Face Men's Verbera Utility Boot	The North Face	Men,Shoes,Clothing, Shoes & Jewelry,Outdoor,Snow Boots	Positive	Outdoor		129.83	
Dr Zen Sport 2 Women's Therapeutic Diabetic Extra Depth Shoe Leather Lace	Dr. Zen	Shoes,Clothing, Shoes & Jewelry,Men,Athletic,Racquet Sports,Tennis	Positive	Racquet Sports, Athletic, Tennis	2.0	119.95	risultato incoerente recensione bassa:
"Air Max Penny 1 game Royal"" Mens Sneakers 685153-001"""	Nike	Shoes,Clothing, Shoes & Jewelry,Men,Athletic,Team Sports,Basketball	Positive	Basketball, Athletic, Team Sports		115.0	"array(['[{,""rating"":2.0,""sourceURLs"":[""https://www.amazon.com/Zen-Sport-Womens-Therapeutic-Diabetic/dp/B00JUW56R6""],""text"":""Didn\'t like the material the shoe was made of, looked cheap. I ordered my regular size and it was a bit big. Mostly I did not find the shoe comfortable at all. Felt like walking in a plastic cast."",""title"":""Didn\'t like it."",""username"":""Jaime""}]'],
      dtype=object)"
"Air Max Penny 1 game Royal"" Mens Sneakers 685153-001"""	Nike	Shoes,Clothing, Shoes & Jewelry,Men,Athletic,Team Sports,Basketball	Positive	Basketball, Athletic, Team Sports		140.0	
"Air Max Penny 1 game Royal"" Mens Sneakers 685153-001"""	Nike	Shoes,Clothing, Shoes & Jewelry,Men,Athletic,Team Sports,Basketball	Positive	Basketball, Athletic, Team Sports		120.0	
"Air Max Penny 1 game Royal"" Mens Sneakers 685153-001"""	Nike	Shoes,Clothing, Shoes & Jewelry,Men,Athletic,Team Sports,Basketball	Positive	Basketball, Athletic, Team Sports		124.48	
Fizik Men's R1 Uomo Road Cycling Shoes	Fizik	Athletic,Cycling,Men,Shoes,Clothing, Shoes & Jewelry,Sports	Positive	Athletic	3.909090909090909	126.1	
Fizik Men's R1 Uomo Road Cycling Shoes	Fizik	Athletic,Cycling,Men,Shoes,Clothing, Shoes & Jewelry,Sports	Positive	Athletic	3.909090909090909	127.51	
Fizik Men's R1 Uomo Road Cycling Shoes	Fizik	Athletic,Cycling,Men,Shoes,Clothing, Shoes & Jewelry,Sports	Positive	Athletic	3.909090909090909	146.75	
Fizik Men's R1 Uomo Road Cycling Shoes	Fizik	Athletic,Cycling,Men,Shoes,Clothing, Shoes & Jewelry,Sports	Positive	Athletic	3.909090909090909	154.47	
Fizik Men's R1 Uomo Road Cycling Shoes	Fizik	Athletic,Cycling,Men,Shoes,Clothing, Shoes & Jewelry,Sports	Positive	Athletic	3.909090909090909	144.65	
Fizik Men's R1 Uomo Road Cycling Shoes	Fizik	Athletic,Cycling,Men,Shoes,Clothing, Shoes & Jewelry,Sports	Positive	Athletic	3.909090909090909	191.42	
Fizik Men's R1 Uomo Road Cycling Shoes	Fizik	Athletic,Cycling,Men,Shoes,Clothing, Shoes & Jewelry,Sports	Positive	Athletic	3.909090909090909	132.74	
Fizik Men's R1 Uomo Road Cycling Shoes	Fizik	Athletic,Cycling,Men,Shoes,Clothing, Shoes & Jewelry,Sports	Positive	Athletic	3.909090909090909	149.05	
Fizik Men's R1 Uomo Road Cycling Shoes	Fizik	Athletic,Cycling,Men,Shoes,Clothing, Shoes & Jewelry,Sports	Positive	Athletic	3.909090909090909	159.99	
Fizik Men's R1 Uomo Road Cycling Shoes	Fizik	Athletic,Cycling,Men,Shoes,Clothing, Shoes & Jewelry,Sports	Positive	Athletic	3.909090909090909	130.57	
Fizik Men's R1 Uomo Road Cycling Shoes	Fizik	Athletic,Cycling,Men,Shoes,Clothing, Shoes & Jewelry,Sports	Positive	Athletic	3.909090909090909	124.04	
Fizik Men's R1 Uomo Road Cycling Shoes	Fizik	Athletic,Cycling,Men,Shoes,Clothing, Shoes & Jewelry,Sports	Positive	Athletic	3.909090909090909	179.99	
Fizik Men's R1 Uomo Road Cycling Shoes	Fizik	Athletic,Cycling,Men,Shoes,Clothing, Shoes & Jewelry,Sports	Positive	Athletic	3.909090909090909	182.5	
Fizik Men's R1 Uomo Road Cycling Shoes	Fizik	Athletic,Cycling,Men,Shoes,Clothing, Shoes & Jewelry,Sports	Positive	Athletic	3.909090909090909	184.07	
Fizik Men's R1 Uomo Road Cycling Shoes	Fizik	Athletic,Cycling,Men,Shoes,Clothing, Shoes & Jewelry,Sports	Positive	Athletic	3.909090909090909	129.03	
Fizik Men's R1 Uomo Road Cycling Shoes	Fizik	Athletic,Cycling,Men,Shoes,Clothing, Shoes & Jewelry,Sports	Positive	Athletic	3.909090909090909	166.79	
Fizik Men's R1 Uomo Road Cycling Shoes	Fizik	Athletic,Cycling,Men,Shoes,Clothing, Shoes & Jewelry,Sports	Positive	Athletic	3.909090909090909	116.45	
Fizik Men's R1 Uomo Road Cycling Shoes	Fizik	Athletic,Cycling,Men,Shoes,Clothing, Shoes & Jewelry,Sports	Positive	Athletic	3.909090909090909	187.7	
Fizik Men's R1 Uomo Road Cycling Shoes	Fizik	Athletic,Cycling,Men,Shoes,Clothing, Shoes & Jewelry,Sports	Positive	Athletic	3.909090909090909	109.33	
Fizik Men's R1 Uomo Road Cycling Shoes	Fizik	Athletic,Cycling,Men,Shoes,Clothing, Shoes & Jewelry,Sports	Positive	Athletic	3.909090909090909	115.08	
Fizik Men's R1 Uomo Road Cycling Shoes	Fizik	Athletic,Cycling,Men,Shoes,Clothing, Shoes & Jewelry,Sports	Positive	Athletic	3.909090909090909	165.56	
Fizik Men's R1 Uomo Road Cycling Shoes	Fizik	Athletic,Cycling,Men,Shoes,Clothing, Shoes & Jewelry,Sports	Positive	Athletic	3.909090909090909	146.82	
Fizik Men's R1 Uomo Road Cycling Shoes	Fizik	Athletic,Cycling,Men,Shoes,Clothing, Shoes & Jewelry,Sports	Positive	Athletic	3.909090909090909	174.27	
Fizik Men's R1 Uomo Road Cycling Shoes	Fizik	Athletic,Cycling,Men,Shoes,Clothing, Shoes & Jewelry,Sports	Positive	Athletic	3.909090909090909	137.42	
Fizik Men's R1 Uomo Road Cycling Shoes	Fizik	Athletic,Cycling,Men,Shoes,Clothing, Shoes & Jewelry,Sports	Positive	Athletic	3.909090909090909	139.41	
Fizik Men's R1 Uomo Road Cycling Shoes	Fizik	Athletic,Cycling,Men,Shoes,Clothing, Shoes & Jewelry,Sports	Positive	Athletic	3.909090909090909	135.82	
Fizik Men's R1 Uomo Road Cycling Shoes	Fizik	Athletic,Cycling,Men,Shoes,Clothing, Shoes & Jewelry,Sports	Positive	Athletic	3.909090909090909	140.42	
Fizik Men's R1 Uomo Road Cycling Shoes	Fizik	Athletic,Cycling,Men,Shoes,Clothing, Shoes & Jewelry,Sports	Positive	Athletic	3.909090909090909	172.33	
Fizik Men's R1 Uomo Road Cycling Shoes	Fizik	Athletic,Cycling,Men,Shoes,Clothing, Shoes & Jewelry,Sports	Positive	Athletic	3.909090909090909	164.12	
Fizik Men's R1 Uomo Road Cycling Shoes	Fizik	Athletic,Cycling,Men,Shoes,Clothing, Shoes & Jewelry,Sports	Positive	Athletic	3.909090909090909	145.46	
Fizik Men's R1 Uomo Road Cycling Shoes	Fizik	Athletic,Cycling,Men,Shoes,Clothing, Shoes & Jewelry,Sports	Positive	Athletic	3.909090909090909	199.99	
Fizik Men's R1 Uomo Road Cycling Shoes	Fizik	Athletic,Cycling,Men,Shoes,Clothing, Shoes & Jewelry,Sports	Positive	Athletic	3.909090909090909	172.76	
Jd Fisk Men's Gamble Oxford	JD Fisk	Shoes,Clothing, Shoes & Jewelry,Men,Oxfords	Positive	Oxfords		132.99	
Jd Fisk Men's Gamble Oxford	JD Fisk	Shoes,Clothing, Shoes & Jewelry,Men,Oxfords	Positive	Oxfords		169.95	
New Mens Sz 7 Nike Mercurial Vapor Ix Fg Yellow Fade Orange Soccer Cleats Boots	Nike	Sporting Goods,Team Sports,Soccer,Clothing, Shoes & Accessories,Shoes & Cleats,Men	Positive	Team Sports		117.99	
New Mens Sz 7 Nike Mercurial Vapor Ix Fg Yellow Fade Orange Soccer Cleats Boots	Nike	Sporting Goods,Team Sports,Soccer,Clothing, Shoes & Accessories,Shoes & Cleats,Men	Positive	Team Sports		119.99	
New Mens Sz 7 Nike Mercurial Vapor Ix Fg Yellow Fade Orange Soccer Cleats Boots	Nike	Sporting Goods,Team Sports,Soccer,Clothing, Shoes & Accessories,Shoes & Cleats,Men	Positive	Team Sports		134.99	
New Mens Sz 7 Nike Mercurial Vapor Ix Fg Yellow Fade Orange Soccer Cleats Boots	Nike	Sporting Goods,Team Sports,Soccer,Clothing, Shoes & Accessories,Shoes & Cleats,Men	Positive	Team Sports		199.9	
New Mens Sz 7 Nike Mercurial Vapor Ix Fg Yellow Fade Orange Soccer Cleats Boots	Nike	Sporting Goods,Team Sports,Soccer,Clothing, Shoes & Accessories,Shoes & Cleats,Men	Positive	Team Sports		157.92	
New Mens Sz 7 Nike Mercurial Vapor Ix Fg Yellow Fade Orange Soccer Cleats Boots	Nike	Sporting Goods,Team Sports,Soccer,Clothing, Shoes & Accessories,Shoes & Cleats,Men	Positive	Team Sports		159.92	
Nike Men's Air Griffer Max Ii Training Shoe	Nike	Shoes,Clothing, Shoes & Jewelry,Men,Athletic,Fitness & Cross-Training	Positive	Athletic		114.99	
Nike Men's Air Griffer Max Ii Training Shoe	Nike	Shoes,Clothing, Shoes & Jewelry,Men,Athletic,Fitness & Cross-Training	Positive	Athletic		114.99	
Port Authority J799s Mens Ansi 107 Class 3 Safety Heavyweight Parka Parka	Port Authority	All Men's Clothing,Men's Clothing,Men's Outerwear,Clothing, Shoes & Jewelry,Clothing	Positive	Men's Outerwear		188.99	
Port Authority J799s Mens Ansi 107 Class 3 Safety Heavyweight Parka Parka	Port Authority	All Men's Clothing,Men's Clothing,Men's Outerwear,Clothing, Shoes & Jewelry,Clothing	Positive	Men's Outerwear		127.98	
Port Authority J799s Mens Ansi 107 Class 3 Safety Heavyweight Parka Parka	Port Authority	All Men's Clothing,Men's Clothing,Men's Outerwear,Clothing, Shoes & Jewelry,Clothing	Positive	Men's Outerwear		115.18	
Softwalk Maine Men W Round Toe Leather Black Oxford	SoftWalk	Men's Dress Shoes,Shoes,Men's Shoes,Clothing,Oxfords	Positive	Oxfords	4.5	140.0	
Softwalk Maine Men W Round Toe Leather Black Oxford	SoftWalk	Men's Dress Shoes,Shoes,Men's Shoes,Clothing,Oxfords	Positive	Oxfords	4.5	139.95	
Nike Jordan Melo 1.5 Men's Basketball Shoes	Nike	Shoes,Clothing, Shoes & Jewelry,Men,Athletic,Team Sports,Basketball	Positive	Basketball, Athletic, Team Sports		99.99	
Apis Mt. Emey 9702 Men's Therapeutic Extra Depth Shoe Leather-and-mesh Velcro	Apis Footwear	Shoes,Clothing, Shoes & Jewelry,Men,Athletic,Racquet Sports,Tennis	Positive	Racquet Sports, Athletic, Tennis		134.95	
Johnston & Murphy Men's Larsey Moc Toe Oxford Shoe	Johnston & Murphy	Oxfords,Men,Shoes,Clothing, Shoes & Jewelry	Positive	Oxfords	4.0	134.95	
Five Ten Men's Dragon Climbing Shoe	Five Ten	Climbing,Men,Shoes,Clothing, Shoes & Jewelry,Outdoor	Positive	Outdoor		148.86	
Five Ten Men's Dragon Climbing Shoe	Five Ten	Climbing,Men,Shoes,Clothing, Shoes & Jewelry,Outdoor	Positive	Outdoor		125.03	
Five Ten Men's Dragon Climbing Shoe	Five Ten	Climbing,Men,Shoes,Clothing, Shoes & Jewelry,Outdoor	Positive	Outdoor		148.91	
Five Ten Men's Dragon Climbing Shoe	Five Ten	Climbing,Men,Shoes,Clothing, Shoes & Jewelry,Outdoor	Positive	Outdoor		124.93	
Five Ten Men's Dragon Climbing Shoe	Five Ten	Climbing,Men,Shoes,Clothing, Shoes & Jewelry,Outdoor	Positive	Outdoor		165.0	
Merrell Mens All Out Blaze Stretch	Merrell	Sneakers & Athletic Shoes,Clothing,Shoes,Men's Shoes,All Men's Shoes	Positive	Sneakers & Athletic Shoes, Athletic	4.8	129.95	
Merrell Mens All Out Blaze Stretch	Merrell	Sneakers & Athletic Shoes,Clothing,Shoes,Men's Shoes,All Men's Shoes	Positive	Sneakers & Athletic Shoes, Athletic	4.8	109.5	
Laredo Hawk Mens Black Stitched Vamp 12	Laredo	Men's Boots,Men's Casual Shoes,Shoes,Clothing, Shoes & Jewelry,Men's Shoes,Cowboy Boots	Positive	Men's Casual Shoes	4.6	155.0	
Laredo Hawk Mens Black Stitched Vamp 12	Laredo	Men's Boots,Men's Casual Shoes,Shoes,Clothing, Shoes & Jewelry,Men's Shoes,Cowboy Boots	Positive	Men's Casual Shoes	4.6	128.95	
Laredo Hawk Mens Black Stitched Vamp 12	Laredo	Men's Boots,Men's Casual Shoes,Shoes,Clothing, Shoes & Jewelry,Men's Shoes,Cowboy Boots	Positive	Men's Casual Shoes	4.6	145.95	
Ecco Street Evo One Golf Shoes Mic0622 2014	ECCO	Clothing,Shoes,Men's Shoes,All Men's Shoes,Sneakers & Athletic Shoes	Positive	Sneakers & Athletic Shoes, Athletic	4.0	159.95	
Ecco Street Evo One Golf Shoes Mic0622 2014	ECCO	Clothing,Shoes,Men's Shoes,All Men's Shoes,Sneakers & Athletic Shoes	Positive	Sneakers & Athletic Shoes, Athletic	4.0	151.99	
Ecco Street Evo One Golf Shoes Mic0622 2014	ECCO	Clothing,Shoes,Men's Shoes,All Men's Shoes,Sneakers & Athletic Shoes	Positive	Sneakers & Athletic Shoes, Athletic	4.0	153.99	
Under Armour Men's Ua H.a.w. 800g Hunting Boots	Under Armour	Shoes,Clothing, Shoes & Jewelry,Men,Outdoor,Hunting	Positive	Outdoor		169.0	
New Balance Mx626 Men 2e Round Toe Synthetic Black Running Shoe	New Balance	All Men's Shoes,Shoes,Men's Shoes,Clothing,Walking Shoes	Positive	Walking Shoes	3.4	145.0	
Nike Lebron 8 P.s 441946-001 Men's Basketball Shoes	Nike	Shoes,Clothing, Shoes & Jewelry,Men,Athletic,Team Sports,Basketball	Positive	Basketball, Athletic, Team Sports		128.99	
Nike Lebron 8 P.s 441946-001 Men's Basketball Shoes	Nike	Shoes,Clothing, Shoes & Jewelry,Men,Athletic,Team Sports,Basketball	Positive	Basketball, Athletic, Team Sports		128.99	
Nike Lebron 8 P.s 441946-001 Men's Basketball Shoes	Nike	Shoes,Clothing, Shoes & Jewelry,Men,Athletic,Team Sports,Basketball	Positive	Basketball, Athletic, Team Sports		144.49	
New Balance M990  2e Round Toe Suede  Running Shoe	New Balance	Running Shoes,All Men's Shoes,Shoes,Men's Shoes,Clothing	Positive	Running Shoes	3.6	154.95	
New Balance M990  2e Round Toe Suede  Running Shoe	New Balance	Running Shoes,All Men's Shoes,Shoes,Men's Shoes,Clothing	Positive	Running Shoes	3.6	175.0	
New Balance M990  2e Round Toe Suede  Running Shoe	New Balance	Running Shoes,All Men's Shoes,Shoes,Men's Shoes,Clothing	Positive	Running Shoes	3.6	131.98	
Hi-tec Men's Ozark 200 I Wp Snow Boot	Hi-Tec	Men,Shoes,Outdoor,Clothing, Shoes & Jewelry,Snow Boots	Positive	Outdoor	4.75	150.0	
Five Ten Men's Anasazi Moccasym Climbing Shoe	Five Ten	Climbing,Men,Shoes,Clothing, Shoes & Jewelry,Outdoor	Positive	Outdoor		115.0	
New Balance Mw577 Men Us 10.5 4e White Walking Shoe	New Balance	Clothing,Shoes,Men's Shoes,All Men's Shoes,Walking Shoes	Positive	Walking Shoes	3.6	154.34	
Drew Aaron Men Us 7.5 W Blue Walking Shoe	Drew	Clothing,Shoes,Men's Shoes,All Men's Shoes,Walking Shoes	Positive	Walking Shoes	4.4	130.0	
Drew Aaron Men Us 7.5 W Blue Walking Shoe	Drew	Clothing,Shoes,Men's Shoes,All Men's Shoes,Walking Shoes	Positive	Walking Shoes	4.4	153.95	
Drew Aaron Men Us 7.5 W Blue Walking Shoe	Drew	Clothing,Shoes,Men's Shoes,All Men's Shoes,Walking Shoes	Positive	Walking Shoes	4.4	148.99	
Ariat Man's Legend		Men,Shoes,Shoes & Handbags,Boots,Sports & Outdoors,Equestrian Sports	Positive	Sports & Outdoors, Outdoor	4.5	179.95	
Drew Force V Men N Round Toe Leather  Athletic Sneakers	Drew	All Men's Shoes,Shoes,Men's Shoes,Clothing,Walking Shoes	Negative	Walking Shoes	4.0	149.99	risultato interessante: il testo delle recensioni ne contiene di molto negative nonostante il rating alto (principale problema: la durabilità e la scomodità per chi ha problemi ortopedici)
Drew Force V Men N Round Toe Leather  Athletic Sneakers	Drew	All Men's Shoes,Shoes,Men's Shoes,Clothing,Walking Shoes	Negative	Walking Shoes	4.0	153.95	"*array(['[{"",""numHelpful"":""2"",""rating"":4.0,""sourceURLs"":[""http://www.shoes.com/mens-drew-force-v-black-leather-p2_id109270""],""text"":""My husband has drop foot and wears a brace. It\'s not easy to find shoes that work especially in a size 12 1/2 but these work. The straps could be longer since a brace takes up some width...they barely close securely. We had them altered at our local shoe shop."",""title"":""Great Looking and very orthotic friendly"",""username"":""Linda""},{,""numHelpful"":""1"",""rating"":4.0,""sourceURLs"":[""http://www.shoes.com/mens-drew-force-v-black-leather-p2_id109270""],""text"":""I have bad arches, and wear urtodics--- without the steel shank, shoes only last 6 -8 weeks before my feet start to pain When that happens, those shoes are done"",""title"":""So far - so good"",""username"":""Rol""},{""date"":""2012-07-04T00:00:00Z"",""dateAdded"":""2016-11-01T09:53:32Z"","",""numHelpful"":""3"",""rating"":2.0,""sourceURLs"":[""http://www.shoes.com/mens-drew-force-v-black-leather-p2_id109270""],""text"":""The shoes were true to size and comfortable but after 4 months of wear time at work they literally came apart in all the seams. Very disappointed in the durability of the shoe."",""title"":""Shoes literally came apart at every seam"",""username"":""Don\'s Show Birds""},{""date"":""2011-12-18T06:00:00Z"",,""numHelpful"":""4"",""rating"":5.0,""sourceURLs"":[""http://www.shoes.com/mens-drew-force-v-black-leather-p2_id109270""],""text"":""Very comfortable for walking. I am 88 years old and have had problems with my feet for the past 20 years. I have tried a dozen different kinds of shoes and more arch supports and special innersoles than I can count and none if them even come close to the Drew Force V. This is the one and only shoe I will ever buy again. My 20 year search for the best shoe is now over! I took Online Shoes advise and ordered a half size smaller than I normanly buy and they fit perfect."",""title"":""Great Shoes"",""username"":""Sore Feet""},{,""numHelpful"":""4"",""rating"":5.0,""sourceURLs"":[""http://www.shoes.com/mens-drew-force-v-black-leather-p2_id109270""],""text"":""I wear these shoes to work, and at home. They are very comfortable. For once I have a shoe that actually fits my extra wide foot. It has great support and traction. The velcro fasteners are truly convenientand work quite well.The shoe is casual, but dressy enough to be worn to work with dress slacks. I will buy these shoes again and again."",""title"":""Finally a shoe that fits!"",""username"":""Mike""}]'],
      )"
Drew Force V Men N Round Toe Leather  Athletic Sneakers	Drew	All Men's Shoes,Shoes,Men's Shoes,Clothing,Walking Shoes	Negative	Walking Shoes	4.0	130.0	
Drew Force V Men N Round Toe Leather  Athletic Sneakers	Drew	All Men's Shoes,Shoes,Men's Shoes,Clothing,Walking Shoes	Negative	Walking Shoes	4.0	147.99	
Dr. Martens Men 8053 5 Eye Oxfords	Dr. Martens	Oxfords,All Men's Shoes,Shoes,Men's Shoes,Clothing	Positive	Oxfords	5.0	119.99	
Dr. Martens Men 8053 5 Eye Oxfords	Dr. Martens	Oxfords,All Men's Shoes,Shoes,Men's Shoes,Clothing	Positive	Oxfords	5.0	114.95	
Dr. Martens Men 8053 5 Eye Oxfords	Dr. Martens	Oxfords,All Men's Shoes,Shoes,Men's Shoes,Clothing	Positive	Oxfords	5.0	114.95	
Dr. Martens Men 8053 5 Eye Oxfords	Dr. Martens	Oxfords,All Men's Shoes,Shoes,Men's Shoes,Clothing	Positive	Oxfords	5.0	119.99	
Kestrel - Team Black - Eu 37 / Uk 4 / Us 5 - Breathable All Mountain Bike Shoe	Five Ten	Shoes & Bags,Shoes,Men's Shoes,Athletic & Outdoor Shoes,Cycling Shoes,Athletic,Cycling,Men,Clothing, Shoes & Jewelry	Negative	Outdoor, Athletic		160.15	il sentiment negative è scattato perchè le recensioni non caricano, se interessano le trovate qui https://www.amazon.co.uk/product-reviews/B00O617714/ref=acr_dp_hist_2?ie=UTF8&filterByStar=two_star&reviewerType=all_reviews#reviews-filter-bar
Kestrel - Team Black - Eu 37 / Uk 4 / Us 5 - Breathable All Mountain Bike Shoe	Five Ten	Shoes & Bags,Shoes,Men's Shoes,Athletic & Outdoor Shoes,Cycling Shoes,Athletic,Cycling,Men,Clothing, Shoes & Jewelry	Negative	Outdoor, Athletic		180.0	
Kestrel - Team Black - Eu 37 / Uk 4 / Us 5 - Breathable All Mountain Bike Shoe	Five Ten	Shoes & Bags,Shoes,Men's Shoes,Athletic & Outdoor Shoes,Cycling Shoes,Athletic,Cycling,Men,Clothing, Shoes & Jewelry	Negative	Outdoor, Athletic		179.9	
